name,id,image
Plush Pepe,3834,
Heart Locket,3837,
Durov's Cap,3840,
Precious Peach,3843,
Heroic Helmet,3846,
Nail Bracelet,3849,
Gem Signet,3852,
Mini Oscar,3855,
Ion Gem,3858,
Perfume,3861,
Bonded Ring,1872,
Loot Bag,3864,
Magic Potion,1873,
Astral Shard,3867,
Genie Lamp,6085,
Scared Cat,1880,
Sharp Tongue,1888,
Swiss Watch,1922,
Kissed Frog,1923,
Electric Skull,1924,
Signet Ring,1925,
Vintage Cigar,1926,
Neko Helmet,1927,
Eternal Rose,1861,
Voodoo Doll,1866,
Toy Bear,1871,
Diamond Ring,1874,
Mad Pumpkin,1875,
Love Candle,1876,
Sleigh Bell,1885,
Skull Flower,1891,
Top Hat,1893,
Crystal Ball,1895,
Trapped Heart,1897,
Record Player,1899,
Flying Broom,1901,
Love Potion,1903,
Bow Tie,1905,
Hanging Star,1859,
Sakura Flower,1860,
Bunny Muffin,1862,
Snow Globe,1863,
Berry Box,1864,
Eternal Candle,1865,
Jelly Bunny,1867,
Snow Mittens,1868,
Tama Gadget,1869,
Easter Egg,1870,
Restless Jar,1877,
Holiday Drink,1878,
Big Year,1879,
Light Sword,1881,
Star Notepad,1882,
Hex Pot,1883,
Jack-in-the-Box,1884,
Evil Eye,1886,
Witch Hat,1887,
Ginger Cookie,1889,
Winter Wreath,1890,
Pet Snake,1892,
Spy Agaric,1894,
Jester Hat,1896,
Spiced Wine,1898,
Cookie Heart,1900,
Hypno Lollipop,1902,
Santa Hat,1904,
Jingle Bells,1906,
Candy Cane,1908,
Lunar Snake,1910,
Snake Box,1912,
Xmas Stocking,1914,
Party Sparkler,1916,
Desk Calendar,1918,
B-Day Candle,1920,
Homemade Cake,1942,
Lol Pop,1943,
